observation_log_id,observation_log_uuid
1,52d57801-f712-4a9e-bd64-bfc006d7d7e0
2,b0787b93-97d7-4815-8a2a-569fadc681f7
3,e22729ba-34f1-47a6-a134-00d4a4de4c86
4,58cde42f-4e4f-42e4-b476-d0a72e3abc1d
5,5b150ebc-f355-4bb6-bebd-52fc93dd6e9f
6,ad2934f0-2779-4059-be9b-1b7ea5a169db
7,eeb29fd9-5983-4293-9ff0-1216db0bb6c0
8,0d97f464-b95f-4112-9e9a-11209dd38160
9,e151b695-c717-4a62-8100-33d78ebd9df1
10,4c68ea7a-04b5-4a19-a9c8-f29189df7719
11,2f0e88aa-ccbb-4c42-a65e-345f9e4aacb2
12,9937d8f5-ce60-48ca-b994-4a9c84f7c7e8
13,eb6c8879-9c69-4553-a872-23e0add5846b
14,9060b604-62d5-4ca1-98a5-2aa911fc7570
15,de6711df-1ad0-4a6d-999a-18facf848e1e
16,4e21fdbd-aba5-4e0c-a137-5775efa44a8f
17,86c4cd77-a1e7-48c6-bfb2-5071c528c4c1
18,ea74e3b9-804d-4354-8635-229251c66d36
19,2a53d3d1-b064-428c-b699-89cfc0c96367
